dimension_index,dimension_label,positive_terms,negative_terms,absolute_terms
0,1,"people (0.151), labour (0.123), party (0.107), government (0.106), trump (0.101), it's (0.101), brexit (0.094), like (0.092), new (0.090), women (0.085)","qu'a (0.000), l'on (0.000), quelques (0.000), besoin (0.000), publiques (0.000), pourquoi (0.000), doit (0.000), peuple (0.000), nombreux (0.000), avoir (0.000)","people (0.151), labour (0.123), party (0.107), government (0.106), trump (0.101), it's (0.101), brexit (0.094), like (0.092), new (0.090), women (0.085)"
1,2,"labour (0.319), brexit (0.274), party (0.229), eu (0.222), tory (0.136), mps (0.120), vote (0.118), voters (0.117), johnson (0.115), election (0.115)","women (-0.192), children (-0.097), it's (-0.096), people (-0.093), men (-0.084), i'm (-0.074), like (-0.069), life (-0.066), black (-0.066), health (-0.059)","labour (0.319), brexit (0.274), party (0.229), eu (0.222), women (-0.192), tory (0.136), mps (0.120), vote (0.118), voters (0.117), johnson (0.115)"
2,3,"trump (0.546), trump's (0.209), president (0.164), biden (0.125), republican (0.118), war (0.114), russia (0.096), donald (0.093), israel (0.091), american (0.090)","labour (-0.138), health (-0.092), nhs (-0.091), care (-0.089), children (-0.079), people (-0.071), work (-0.062), housing (-0.059), tax (-0.057), pay (-0.053)","trump (0.546), trump's (0.209), president (0.164), labour (-0.138), biden (0.125), republican (0.118), war (0.114), russia (0.096), donald (0.093), health (-0.092)"
3,4,"women (0.248), labour (0.236), party (0.205), corbyn (0.108), men (0.106), election (0.096), voters (0.089), vote (0.085), it's (0.084), i'm (0.078)","climate (-0.141), eu (-0.122), government (-0.106), uk (-0.102), countries (-0.102), global (-0.094), health (-0.088), tax (-0.086), european (-0.081), economic (-0.080)","women (0.248), labour (0.236), party (0.205), climate (-0.141), eu (-0.122), corbyn (0.108), government (-0.106), men (0.106), uk (-0.102), countries (-0.102)"
4,5,"eu (0.373), brexit (0.270), european (0.151), women (0.136), deal (0.130), ireland (0.118), europe (0.112), uk (0.104), britain (0.097), referendum (0.087)","labour (-0.242), trump (-0.216), tax (-0.156), party (-0.135), election (-0.094), voters (-0.091), trump's (-0.079), housing (-0.078), republican (-0.076), democrats (-0.074)","eu (0.373), brexit (0.270), labour (-0.242), trump (-0.216), tax (-0.156), european (0.151), women (0.136), party (-0.135), deal (0.130), ireland (0.118)"
5,6,"women (0.420), israel (0.171), labour (0.149), police (0.143), men (0.132), gaza (0.129), violence (0.128), israeli (0.121), rights (0.108), women's (0.097)","trump (-0.242), brexit (-0.115), it's (-0.108), i'm (-0.102), eu (-0.100), like (-0.085), trump's (-0.083), don't (-0.065), i've (-0.058), time (-0.054)","women (0.420), trump (-0.242), israel (0.171), labour (0.149), police (0.143), men (0.132), gaza (0.129), violence (0.128), israeli (0.121), brexit (-0.115)"
6,7,"women (0.390), trump (0.216), eu (0.182), brexit (0.128), men (0.116), abortion (0.105), women's (0.089), tax (0.082), trump's (0.081), trade (0.075)","israel (-0.236), gaza (-0.183), israeli (-0.164), war (-0.148), labour (-0.140), palestinian (-0.122), palestinians (-0.115), israel's (-0.098), netanyahu (-0.095), hamas (-0.092)","women (0.390), israel (-0.236), trump (0.216), gaza (-0.183), eu (0.182), israeli (-0.164), war (-0.148), labour (-0.140), brexit (0.128), palestinian (-0.122)"
7,8,"climate (0.371), women (0.153), energy (0.145), emissions (0.130), fossil (0.120), change (0.114), global (0.107), carbon (0.106), gas (0.094), world (0.085)","nhs (-0.220), health (-0.209), care (-0.197), trump (-0.161), patients (-0.142), covid (-0.130), johnson (-0.120), children (-0.101), israel (-0.088), mental (-0.088)","climate (0.371), nhs (-0.220), health (-0.209), care (-0.197), trump (-0.161), women (0.153), energy (0.145), patients (-0.142), emissions (0.130), covid (-0.130)"
8,9,"women (0.334), tax (0.142), israel (0.142), gaza (0.114), ukraine (0.112), trump (0.105), men (0.099), israeli (0.098), russia (0.097), labour (0.096)","black (-0.278), police (-0.258), people (-0.128), white (-0.120), racism (-0.110), climate (-0.095), officers (-0.080), justice (-0.075), law (-0.068), communities (-0.067)","women (0.334), black (-0.278), police (-0.258), tax (0.142), israel (0.142), people (-0.128), white (-0.120), gaza (0.114), ukraine (0.112), racism (-0.110)"
9,10,"climate (0.294), johnson (0.224), covid (0.149), health (0.132), nhs (0.124), prime (0.112), emissions (0.106), patients (0.104), women (0.102), minister (0.098)","children (-0.186), eu (-0.149), schools (-0.142), school (-0.140), education (-0.139), housing (-0.123), black (-0.118), students (-0.116), tax (-0.110), parents (-0.103)","climate (0.294), johnson (0.224), children (-0.186), eu (-0.149), covid (0.149), schools (-0.142), school (-0.140), education (-0.139), health (0.132), nhs (0.124)"
10,11,"israel (0.309), gaza (0.239), israeli (0.230), palestinian (0.179), palestinians (0.171), netanyahu (0.130), climate (0.129), israel's (0.129), hamas (0.120), brexit (0.120)","russia (-0.261), ukraine (-0.259), russian (-0.236), putin (-0.229), war (-0.119), russia's (-0.108), putin's (-0.102), nato (-0.100), labour (-0.098), europe (-0.097)","israel (0.309), russia (-0.261), ukraine (-0.259), gaza (0.239), russian (-0.236), israeli (0.230), putin (-0.229), palestinian (0.179), palestinians (0.171), netanyahu (0.130)"
11,12,"johnson (0.227), tax (0.211), police (0.172), prime (0.121), government (0.109), minister (0.108), tory (0.106), sunak (0.099), public (0.095), johnson's (0.087)","climate (-0.217), health (-0.175), labour (-0.161), eu (-0.127), patients (-0.125), care (-0.122), children (-0.110), nhs (-0.105), mental (-0.093), vote (-0.090)","johnson (0.227), climate (-0.217), tax (0.211), health (-0.175), police (0.172), labour (-0.161), eu (-0.127), patients (-0.125), care (-0.122), prime (0.121)"
12,13,"children (0.348), schools (0.302), school (0.274), education (0.218), climate (0.176), johnson (0.175), parents (0.166), students (0.150), teachers (0.131), child (0.120)","workers (-0.136), nhs (-0.133), black (-0.126), people (-0.119), labour (-0.114), patients (-0.095), eu (-0.088), facebook (-0.076), health (-0.073), care (-0.069)","children (0.348), schools (0.302), school (0.274), education (0.218), climate (0.176), johnson (0.175), parents (0.166), students (0.150), workers (-0.136), nhs (-0.133)"
13,14,"black (0.405), white (0.183), johnson (0.147), housing (0.118), people (0.115), racism (0.107), police (0.086), women (0.080), climate (0.073), britain (0.067)","facebook (-0.199), data (-0.141), media (-0.137), ai (-0.117), companies (-0.113), tech (-0.109), court (-0.107), law (-0.103), information (-0.100), online (-0.097)","black (0.405), facebook (-0.199), white (0.183), johnson (0.147), data (-0.141), media (-0.137), housing (0.118), ai (-0.117), people (0.115), companies (-0.113)"
14,15,"black (0.195), covid (0.190), students (0.162), johnson (0.158), pandemic (0.122), education (0.119), schools (0.117), vaccine (0.116), virus (0.111), white (0.104)","police (-0.174), housing (-0.173), court (-0.135), care (-0.111), climate (-0.108), law (-0.095), homes (-0.092), children (-0.090), abortion (-0.086), justice (-0.086)","black (0.195), covid (0.190), police (-0.174), housing (-0.173), students (0.162), johnson (0.158), court (-0.135), pandemic (0.122), education (0.119), schools (0.117)"
15,16,"police (0.282), labour (0.261), black (0.242), brexit (0.174), trump (0.161), climate (0.123), corbyn (0.118), deal (0.116), nhs (0.105), officers (0.101)","abortion (-0.130), housing (-0.127), refugees (-0.110), asylum (-0.105), political (-0.095), party (-0.094), covid (-0.092), democratic (-0.087), democrats (-0.083), parties (-0.076)","police (0.282), labour (0.261), black (0.242), brexit (0.174), trump (0.161), abortion (-0.130), housing (-0.127), climate (0.123), corbyn (0.118), deal (0.116)"
16,17,"labour (0.266), trump (0.254), covid (0.146), asylum (0.118), refugees (0.111), virus (0.105), trump's (0.101), vaccine (0.100), countries (0.094), pandemic (0.094)","black (-0.173), nhs (-0.167), ukraine (-0.146), russian (-0.137), russia (-0.129), care (-0.127), putin (-0.124), vote (-0.120), biden (-0.108), tax (-0.105)","labour (0.266), trump (0.254), black (-0.173), nhs (-0.167), ukraine (-0.146), covid (0.146), russian (-0.137), russia (-0.129), care (-0.127), putin (-0.124)"
17,18,"ireland (0.302), northern (0.235), housing (0.201), scotland (0.160), irish (0.155), scottish (0.147), snp (0.122), covid (0.116), labour (0.104), london (0.101)","tax (-0.138), nhs (-0.129), refugees (-0.119), eu (-0.114), asylum (-0.113), europe (-0.113), european (-0.110), care (-0.108), immigration (-0.104), climate (-0.103)","ireland (0.302), northern (0.235), housing (0.201), scotland (0.160), irish (0.155), scottish (0.147), tax (-0.138), nhs (-0.129), snp (0.122), refugees (-0.119)"
18,19,"nhs (0.245), trump (0.181), housing (0.154), care (0.127), bbc (0.119), british (0.102), scotland (0.100), local (0.095), patients (0.095), england (0.094)","workers (-0.230), covid (-0.138), police (-0.122), biden (-0.118), work (-0.104), pandemic (-0.096), court (-0.093), rights (-0.091), vaccine (-0.088), virus (-0.086)","nhs (0.245), workers (-0.230), trump (0.181), housing (0.154), covid (-0.138), care (0.127), police (-0.122), bbc (0.119), biden (-0.118), work (-0.104)"
19,20,"housing (0.345), brexit (0.155), social (0.154), homes (0.143), facebook (0.142), people (0.140), media (0.112), data (0.083), ukraine (0.081), russian (0.081)","ireland (-0.195), northern (-0.148), workers (-0.133), abortion (-0.118), irish (-0.106), labour (-0.104), rights (-0.096), scotland (-0.092), scottish (-0.092), nhs (-0.091)","housing (0.345), ireland (-0.195), brexit (0.155), social (0.154), northern (-0.148), homes (0.143), facebook (0.142), people (0.140), workers (-0.133), abortion (-0.118)"
20,21,"police (0.264), tax (0.217), eu (0.142), european (0.122), europe (0.109), scotland (0.106), scottish (0.105), snp (0.096), covid (0.089), children (0.086)","workers (-0.225), housing (-0.143), people (-0.134), work (-0.118), johnson (-0.117), care (-0.110), rights (-0.110), mps (-0.097), australia (-0.096), brexit (-0.088)","police (0.264), workers (-0.225), tax (0.217), housing (-0.143), eu (0.142), people (-0.134), european (0.122), work (-0.118), johnson (-0.117), care (-0.110)"
21,22,"tax (0.289), children (0.216), ireland (0.211), northern (0.145), people (0.133), facebook (0.129), irish (0.117), brexit (0.102), child (0.102), poverty (0.096)","students (-0.201), workers (-0.156), housing (-0.118), universities (-0.107), eu (-0.106), european (-0.102), police (-0.102), university (-0.096), europe (-0.086), education (-0.085)","tax (0.289), children (0.216), ireland (0.211), students (-0.201), workers (-0.156), northern (0.145), people (0.133), facebook (0.129), housing (-0.118), irish (0.117)"
22,23,"isis (0.198), iran (0.179), syria (0.158), police (0.148), brexit (0.136), nuclear (0.120), iraq (0.115), vote (0.113), china (0.113), deal (0.102)","ukraine (-0.186), ireland (-0.168), putin (-0.138), abortion (-0.136), russian (-0.133), labour (-0.126), johnson (-0.122), northern (-0.111), black (-0.109), starmer (-0.103)","isis (0.198), ukraine (-0.186), iran (0.179), ireland (-0.168), syria (0.158), police (0.148), putin (-0.138), abortion (-0.136), brexit (0.136), russian (-0.133)"
23,24,"scottish (0.251), scotland (0.228), snp (0.218), people (0.202), trump (0.154), independence (0.151), referendum (0.133), sturgeon (0.125), workers (0.121), australia (0.102)","abortion (-0.212), black (-0.148), china (-0.130), housing (-0.123), children (-0.110), biden (-0.104), chinese (-0.076), labour (-0.072), trade (-0.071), court (-0.071)","scottish (0.251), scotland (0.228), snp (0.218), abortion (-0.212), people (0.202), trump (0.154), independence (0.151), black (-0.148), referendum (0.133), china (-0.130)"
24,25,"ireland (0.237), workers (0.203), northern (0.183), police (0.171), isis (0.125), sanders (0.119), irish (0.118), johnson (0.112), syria (0.095), biden (0.094)","australia (-0.165), court (-0.149), china (-0.140), indigenous (-0.138), aboriginal (-0.126), black (-0.126), australian (-0.122), housing (-0.114), law (-0.093), tax (-0.088)","ireland (0.237), workers (0.203), northern (0.183), police (0.171), australia (-0.165), court (-0.149), china (-0.140), indigenous (-0.138), aboriginal (-0.126), black (-0.126)"
25,26,"children (0.276), scottish (0.221), black (0.201), snp (0.191), scotland (0.190), workers (0.151), independence (0.126), care (0.111), child (0.109), parents (0.106)","students (-0.256), ireland (-0.223), northern (-0.158), universities (-0.133), university (-0.129), people (-0.120), tax (-0.116), irish (-0.114), police (-0.103), student (-0.096)","children (0.276), students (-0.256), ireland (-0.223), scottish (0.221), black (0.201), snp (0.191), scotland (0.190), northern (-0.158), workers (0.151), universities (-0.133)"
26,27,"australia (0.214), china (0.203), aboriginal (0.167), indigenous (0.166), australian (0.160), police (0.134), care (0.126), workers (0.124), party (0.114), chinese (0.114)","syria (-0.143), abortion (-0.142), isis (-0.140), students (-0.136), black (-0.123), asylum (-0.118), tax (-0.116), uk (-0.111), refugees (-0.106), people (-0.096)","australia (0.214), china (0.203), aboriginal (0.167), indigenous (0.166), australian (0.160), syria (-0.143), abortion (-0.142), isis (-0.140), students (-0.136), police (0.134)"
27,28,"asylum (0.226), australia (0.181), refugees (0.174), black (0.171), australian (0.134), facebook (0.124), seekers (0.107), immigration (0.106), data (0.102), government (0.100)","brexit (-0.165), workers (-0.111), court (-0.111), church (-0.101), climate (-0.098), bbc (-0.086), abortion (-0.084), rights (-0.078), religious (-0.077), corbyn (-0.077)","asylum (0.226), australia (0.181), refugees (0.174), black (0.171), brexit (-0.165), australian (0.134), facebook (0.124), workers (-0.111), court (-0.111), seekers (0.107)"
28,29,"china (0.215), mental (0.164), johnson (0.152), people (0.126), scottish (0.123), chinese (0.116), snp (0.110), scotland (0.108), trans (0.107), health (0.093)","australia (-0.170), bbc (-0.143), indigenous (-0.141), australian (-0.138), tax (-0.135), aboriginal (-0.129), covid (-0.128), brexit (-0.119), news (-0.112), vaccine (-0.104)","china (0.215), australia (-0.170), mental (0.164), johnson (0.152), bbc (-0.143), indigenous (-0.141), australian (-0.138), tax (-0.135), aboriginal (-0.129), covid (-0.128)"
29,30,"biden (0.247), bbc (0.191), brexit (0.173), sanders (0.143), asylum (0.131), immigration (0.117), british (0.093), britain (0.091), voters (0.091), mental (0.087)","tax (-0.185), european (-0.129), black (-0.101), police (-0.100), schools (-0.099), europe (-0.097), trump (-0.097), care (-0.095), facebook (-0.091), macron (-0.091)","biden (0.247), bbc (0.191), tax (-0.185), brexit (0.173), sanders (0.143), asylum (0.131), european (-0.129), immigration (0.117), black (-0.101), police (-0.100)"
30,31,"brexit (0.236), abortion (0.197), police (0.155), johnson (0.127), china (0.114), students (0.106), immigration (0.097), women (0.093), facebook (0.092), tory (0.091)","eu (-0.143), iran (-0.141), biden (-0.134), sanders (-0.128), nuclear (-0.118), sex (-0.113), trans (-0.098), black (-0.097), bbc (-0.096), government (-0.095)","brexit (0.236), abortion (0.197), police (0.155), eu (-0.143), iran (-0.141), biden (-0.134), sanders (-0.128), johnson (0.127), nuclear (-0.118), china (0.114)"
31,32,"care (0.265), china (0.262), tax (0.249), biden (0.149), chinese (0.148), climate (0.128), hong (0.108), china's (0.108), beijing (0.101), sanders (0.096)","mental (-0.212), health (-0.206), food (-0.186), trump (-0.095), indigenous (-0.085), aboriginal (-0.082), growth (-0.070), isis (-0.064), abortion (-0.063), economy (-0.063)","care (0.265), china (0.262), tax (0.249), mental (-0.212), health (-0.206), food (-0.186), biden (0.149), chinese (0.148), climate (0.128), hong (0.108)"
32,33,"housing (0.214), students (0.167), patients (0.139), university (0.114), cancer (0.098), universities (0.097), prices (0.091), family (0.089), doctors (0.088), patient (0.087)","people (-0.173), local (-0.173), trans (-0.155), schools (-0.155), government (-0.112), disabled (-0.103), nhs (-0.099), rights (-0.098), services (-0.098), councils (-0.079)","housing (0.214), people (-0.173), local (-0.173), students (0.167), trans (-0.155), schools (-0.155), patients (0.139), university (0.114), government (-0.112), disabled (-0.103)"
33,34,"bbc (0.227), abortion (0.201), disabled (0.149), news (0.120), media (0.119), black (0.108), nuclear (0.107), iran (0.101), china (0.098), students (0.089)","johnson (-0.177), sanders (-0.146), sex (-0.139), sexual (-0.115), tax (-0.106), schools (-0.099), clinton (-0.097), nhs (-0.096), gay (-0.093), trans (-0.088)","bbc (0.227), abortion (0.201), johnson (-0.177), disabled (0.149), sanders (-0.146), sex (-0.139), news (0.120), media (0.119), sexual (-0.115), black (0.108)"
34,35,"tax (0.280), mps (0.125), party (0.106), students (0.098), food (0.087), system (0.079), university (0.073), wealth (0.072), johnson (0.070), world (0.067)","abortion (-0.242), muslims (-0.147), muslim (-0.143), economy (-0.126), energy (-0.114), growth (-0.108), inflation (-0.106), government (-0.101), economic (-0.099), media (-0.090)","tax (0.280), abortion (-0.242), muslims (-0.147), muslim (-0.143), economy (-0.126), mps (0.125), energy (-0.114), growth (-0.108), inflation (-0.106), party (0.106)"
35,36,"johnson (0.260), abortion (0.208), aboriginal (0.176), indigenous (0.171), eu (0.171), biden (0.126), sanders (0.117), police (0.116), mental (0.113), labour (0.109)","sex (-0.144), brexit (-0.126), sexual (-0.123), mps (-0.119), gay (-0.107), nhs (-0.106), church (-0.102), vote (-0.100), party (-0.087), black (-0.087)","johnson (0.260), abortion (0.208), aboriginal (0.176), indigenous (0.171), eu (0.171), sex (-0.144), brexit (-0.126), biden (0.126), sexual (-0.123), mps (-0.119)"
36,37,"food (0.287), party (0.216), bbc (0.197), china (0.159), health (0.152), muslims (0.151), muslim (0.147), mental (0.108), chinese (0.104), eu (0.102)","care (-0.159), ai (-0.151), brexit (-0.106), economy (-0.090), economic (-0.090), iran (-0.087), starmer (-0.077), social (-0.076), growth (-0.075), labour (-0.074)","food (0.287), party (0.216), bbc (0.197), care (-0.159), china (0.159), health (0.152), ai (-0.151), muslims (0.151), muslim (0.147), mental (0.108)"
37,38,"iran (0.195), nuclear (0.195), johnson (0.157), voters (0.152), eu (0.126), lib (0.125), sex (0.123), tories (0.107), workers (0.103), aboriginal (0.102)","mps (-0.166), government (-0.148), corbyn (-0.142), parliament (-0.114), sanders (-0.110), women (-0.105), clinton (-0.094), refugees (-0.087), political (-0.080), democracy (-0.077)","iran (0.195), nuclear (0.195), mps (-0.166), johnson (0.157), voters (0.152), government (-0.148), corbyn (-0.142), eu (0.126), lib (0.125), sex (0.123)"
38,39,"care (0.216), muslim (0.175), muslims (0.165), students (0.163), disabled (0.134), isis (0.126), eu (0.111), universities (0.105), university (0.101), biden (0.088)","schools (-0.176), bbc (-0.174), housing (-0.160), nuclear (-0.150), police (-0.146), asylum (-0.134), iran (-0.129), refugees (-0.119), corbyn (-0.112), abortion (-0.111)","care (0.216), schools (-0.176), muslim (0.175), bbc (-0.174), muslims (0.165), students (0.163), housing (-0.160), nuclear (-0.150), police (-0.146), disabled (0.134)"
39,40,"tax (0.218), ai (0.136), nuclear (0.132), muslim (0.125), police (0.124), muslims (0.116), immigration (0.110), work (0.108), british (0.102), biden (0.091)","food (-0.152), care (-0.141), johnson (-0.132), nhs (-0.114), black (-0.113), sexual (-0.111), corbyn (-0.110), crisis (-0.103), court (-0.103), debt (-0.102)","tax (0.218), food (-0.152), care (-0.141), ai (0.136), nuclear (0.132), johnson (-0.132), muslim (0.125), police (0.124), muslims (0.116), nhs (-0.114)"
40,41,"biden (0.219), mental (0.206), abortion (0.162), health (0.141), facebook (0.121), deal (0.120), football (0.119), mps (0.117), brexit (0.114), corbyn (0.112)","bbc (-0.107), british (-0.103), food (-0.098), it's (-0.092), ireland (-0.089), system (-0.086), cameron (-0.083), patients (-0.078), lib (-0.078), women (-0.076)","biden (0.219), mental (0.206), abortion (0.162), health (0.141), facebook (0.121), deal (0.120), football (0.119), mps (0.117), brexit (0.114), corbyn (0.112)"
41,42,"nuclear (0.260), care (0.232), food (0.211), iran (0.184), energy (0.130), corbyn (0.126), disabled (0.115), sanders (0.111), johnson (0.109), antisemitism (0.100)","mental (-0.178), climate (-0.142), housing (-0.129), health (-0.129), trans (-0.128), workers (-0.123), isis (-0.112), tory (-0.099), tax (-0.091), tories (-0.085)","nuclear (0.260), care (0.232), food (0.211), iran (0.184), mental (-0.178), climate (-0.142), energy (0.130), housing (-0.129), health (-0.129), trans (-0.128)"
42,43,"church (0.214), party (0.210), abortion (0.179), bbc (0.157), tory (0.130), eu (0.112), catholic (0.108), sexual (0.105), cameron (0.104), pope (0.104)","french (-0.203), macron (-0.194), france (-0.153), football (-0.148), le (-0.127), labour (-0.126), johnson (-0.123), starmer (-0.101), court (-0.099), brexit (-0.086)","church (0.214), party (0.210), french (-0.203), macron (-0.194), abortion (0.179), bbc (0.157), france (-0.153), football (-0.148), tory (0.130), le (-0.127)"
43,44,"biden (0.290), food (0.237), french (0.131), sexual (0.121), macron (0.121), housing (0.110), workers (0.099), sex (0.097), indigenous (0.094), starmer (0.092)","football (-0.162), clinton (-0.130), trans (-0.125), party (-0.117), sanders (-0.097), prison (-0.091), sport (-0.085), russian (-0.078), financial (-0.076), mental (-0.076)","biden (0.290), food (0.237), football (-0.162), french (0.131), clinton (-0.130), trans (-0.125), sexual (0.121), macron (0.121), party (-0.117), housing (0.110)"
44,45,"trans (0.390), police (0.213), gender (0.168), food (0.156), gay (0.121), patients (0.121), bbc (0.096), rights (0.096), transgender (0.090), cancer (0.088)","health (-0.165), mental (-0.163), sexual (-0.150), court (-0.139), rape (-0.120), it's (-0.093), abortion (-0.091), abuse (-0.091), workers (-0.087), china (-0.086)","trans (0.390), police (0.213), gender (0.168), health (-0.165), mental (-0.163), food (0.156), sexual (-0.150), court (-0.139), gay (0.121), patients (0.121)"
45,46,"football (0.208), disabled (0.193), ai (0.129), patients (0.122), abortion (0.117), church (0.109), people (0.106), disability (0.103), sport (0.097), game (0.092)","health (-0.167), party (-0.139), mental (-0.125), government (-0.106), iran (-0.105), public (-0.100), nuclear (-0.095), social (-0.091), tax (-0.089), political (-0.079)","football (0.208), disabled (0.193), health (-0.167), party (-0.139), ai (0.129), mental (-0.125), patients (0.122), abortion (0.117), church (0.109), people (0.106)"
46,47,"care (0.255), football (0.226), ai (0.178), police (0.164), party (0.135), game (0.116), sport (0.112), players (0.095), fans (0.087), it's (0.087)","johnson (-0.153), facebook (-0.124), nuclear (-0.117), north (-0.099), schools (-0.098), patients (-0.093), people (-0.093), london (-0.085), school (-0.084), public (-0.083)","care (0.255), football (0.226), ai (0.178), police (0.164), johnson (-0.153), party (0.135), facebook (-0.124), nuclear (-0.117), game (0.116), sport (0.112)"
47,48,"bbc (0.265), johnson (0.225), patients (0.129), tax (0.111), cancer (0.101), biden (0.092), ai (0.091), johnson's (0.091), patient (0.087), muslim (0.081)","facebook (-0.158), sanders (-0.154), cameron (-0.146), clinton (-0.142), nhs (-0.137), royal (-0.131), prince (-0.129), britain (-0.128), health (-0.128), british (-0.121)","bbc (0.265), johnson (0.225), facebook (-0.158), sanders (-0.154), cameron (-0.146), clinton (-0.142), nhs (-0.137), royal (-0.131), prince (-0.129), patients (0.129)"
48,49,"church (0.240), johnson (0.137), vote (0.136), bbc (0.121), catholic (0.115), labour (0.110), pope (0.109), health (0.103), parliament (0.087), mps (0.084)","trans (-0.211), party (-0.181), prison (-0.152), brexit (-0.145), disabled (-0.142), tory (-0.105), ai (-0.104), sunak (-0.101), energy (-0.089), court (-0.085)","church (0.240), trans (-0.211), party (-0.181), prison (-0.152), brexit (-0.145), disabled (-0.142), johnson (0.137), vote (0.136), bbc (0.121), catholic (0.115)"
49,50,"biden (0.305), energy (0.114), britain (0.108), british (0.108), democracy (0.106), schools (0.105), people (0.102), disabled (0.101), patients (0.099), biden's (0.099)","sanders (-0.269), clinton (-0.266), sex (-0.123), macron (-0.121), french (-0.118), care (-0.109), hillary (-0.095), black (-0.092), isis (-0.091), students (-0.087)","biden (0.305), sanders (-0.269), clinton (-0.266), sex (-0.123), macron (-0.121), french (-0.118), energy (0.114), care (-0.109), britain (0.108), british (0.108)"
50,51,"bbc (0.218), energy (0.155), corbyn (0.153), ai (0.151), french (0.115), biden (0.115), young (0.110), people (0.103), british (0.097), children (0.097)","football (-0.147), iran (-0.137), food (-0.135), social (-0.110), sanders (-0.107), media (-0.105), trade (-0.100), climate (-0.084), facebook (-0.083), clinton (-0.081)","bbc (0.218), energy (0.155), corbyn (0.153), ai (0.151), football (-0.147), iran (-0.137), food (-0.135), french (0.115), biden (0.115), young (0.110)"
51,52,"nhs (0.233), nuclear (0.130), ai (0.119), christmas (0.119), climate (0.117), data (0.107), court (0.096), biden (0.090), muslim (0.088), church (0.084)","abortion (-0.228), care (-0.163), energy (-0.146), sex (-0.120), sexual (-0.119), mps (-0.113), people (-0.104), trade (-0.104), isis (-0.095), syria (-0.088)","nhs (0.233), abortion (-0.228), care (-0.163), energy (-0.146), nuclear (0.130), sex (-0.120), ai (0.119), sexual (-0.119), christmas (0.119), climate (0.117)"
52,53,"aboriginal (0.229), indigenous (0.206), nhs (0.195), children (0.154), mps (0.146), sexual (0.110), sunak (0.105), nuclear (0.089), sanders (0.089), child (0.088)","care (-0.175), disabled (-0.175), schools (-0.167), church (-0.164), australia (-0.137), australian (-0.128), energy (-0.094), catholic (-0.091), disability (-0.090), mental (-0.085)","aboriginal (0.229), indigenous (0.206), nhs (0.195), care (-0.175), disabled (-0.175), schools (-0.167), church (-0.164), children (0.154), mps (0.146), australia (-0.137)"
53,54,"prison (0.377), prisons (0.199), bbc (0.172), prisoners (0.169), church (0.126), muslim (0.114), justice (0.110), muslims (0.107), aboriginal (0.106), schools (0.095)","football (-0.161), sex (-0.137), disabled (-0.117), sexual (-0.101), police (-0.096), children (-0.092), government (-0.091), students (-0.077), immigration (-0.074), sport (-0.074)","prison (0.377), prisons (0.199), bbc (0.172), prisoners (0.169), football (-0.161), sex (-0.137), church (0.126), disabled (-0.117), muslim (0.114), justice (0.110)"
54,55,"energy (0.205), violence (0.165), ai (0.153), bbc (0.152), starmer (0.125), clinton (0.117), sanders (0.113), power (0.102), government (0.094), disabled (0.083)","trans (-0.204), biden (-0.201), corbyn (-0.137), care (-0.137), abortion (-0.119), party (-0.114), climate (-0.105), gender (-0.095), food (-0.087), british (-0.079)","energy (0.205), trans (-0.204), biden (-0.201), violence (0.165), ai (0.153), bbc (0.152), corbyn (-0.137), care (-0.137), starmer (0.125), abortion (-0.119)"
55,56,"ai (0.207), saudi (0.178), party (0.160), johnson (0.148), disabled (0.140), brexit (0.132), nhs (0.121), prince (0.116), police (0.098), uk (0.094)","prison (-0.175), cameron (-0.141), mps (-0.131), care (-0.126), drug (-0.118), drugs (-0.115), nuclear (-0.103), prisons (-0.099), prime (-0.098), young (-0.097)","ai (0.207), saudi (0.178), prison (-0.175), party (0.160), johnson (0.148), cameron (-0.141), disabled (0.140), brexit (0.132), mps (-0.131), care (-0.126)"
56,57,"ai (0.197), brexit (0.183), trans (0.167), bbc (0.162), students (0.127), government (0.101), inquiry (0.088), football (0.088), biden (0.087), universities (0.084)","young (-0.171), mps (-0.161), music (-0.109), nhs (-0.100), police (-0.097), art (-0.085), eu (-0.085), court (-0.084), parliament (-0.084), facebook (-0.082)","ai (0.197), brexit (0.183), young (-0.171), trans (0.167), bbc (0.162), mps (-0.161), students (0.127), music (-0.109), government (0.101), nhs (-0.100)"
57,58,"ai (0.246), care (0.181), mental (0.142), vote (0.126), nuclear (0.116), schools (0.104), health (0.095), energy (0.094), north (0.086), trans (0.084)","facebook (-0.129), sex (-0.118), biden (-0.115), christmas (-0.112), macron (-0.107), prison (-0.101), drug (-0.101), trade (-0.097), drugs (-0.096), brexit (-0.095)","ai (0.246), care (0.181), mental (0.142), facebook (-0.129), vote (0.126), sex (-0.118), nuclear (0.116), biden (-0.115), christmas (-0.112), macron (-0.107)"
58,59,"bbc (0.207), care (0.192), facebook (0.145), schools (0.107), britain (0.103), british (0.097), muslims (0.092), world (0.090), muslim (0.089), french (0.089)","nhs (-0.156), children (-0.137), prison (-0.127), ai (-0.127), eu (-0.125), church (-0.123), energy (-0.121), syria (-0.119), turkey (-0.107), isis (-0.104)","bbc (0.207), care (0.192), nhs (-0.156), facebook (0.145), children (-0.137), prison (-0.127), ai (-0.127), eu (-0.125), church (-0.123), energy (-0.121)"
59,60,"bbc (0.180), energy (0.148), aboriginal (0.145), sunak (0.140), indigenous (0.138), facebook (0.117), food (0.110), tax (0.108), home (0.100), syria (0.091)","ai (-0.150), disabled (-0.133), johnson (-0.123), musk (-0.123), trans (-0.114), vaccine (-0.102), australia (-0.100), prison (-0.100), australian (-0.094), war (-0.092)","bbc (0.180), ai (-0.150), energy (0.148), aboriginal (0.145), sunak (0.140), indigenous (0.138), disabled (-0.133), johnson (-0.123), musk (-0.123), facebook (0.117)"
60,61,"biden (0.226), saudi (0.220), rights (0.203), human (0.167), cameron (0.115), muslim (0.114), sex (0.106), muslims (0.104), arabia (0.101), tory (0.093)","republican (-0.172), church (-0.161), war (-0.146), party (-0.136), republicans (-0.134), trans (-0.121), facebook (-0.103), isis (-0.095), military (-0.093), starmer (-0.086)","biden (0.226), saudi (0.220), rights (0.203), republican (-0.172), human (0.167), church (-0.161), war (-0.146), party (-0.136), republicans (-0.134), trans (-0.121)"
61,62,"court (0.230), vaccine (0.178), vaccines (0.120), biden (0.115), brexit (0.108), mental (0.106), police (0.103), tory (0.102), supreme (0.093), asylum (0.084)","abortion (-0.211), prison (-0.208), ai (-0.181), sex (-0.133), prisons (-0.113), government (-0.111), christmas (-0.105), lockdown (-0.101), prisoners (-0.099), sexual (-0.095)","court (0.230), abortion (-0.211), prison (-0.208), ai (-0.181), vaccine (0.178), sex (-0.133), vaccines (0.120), biden (0.115), prisons (-0.113), government (-0.111)"
62,63,"ai (0.233), young (0.187), corbyn (0.175), party (0.135), people (0.127), uk (0.105), macron (0.104), sunak (0.099), saudi (0.095), eu (0.095)","lib (-0.196), trans (-0.178), dems (-0.148), europe (-0.121), energy (-0.104), mps (-0.101), prison (-0.100), refugees (-0.078), art (-0.077), germany (-0.077)","ai (0.233), lib (-0.196), young (0.187), trans (-0.178), corbyn (0.175), dems (-0.148), party (0.135), people (0.127), europe (-0.121), uk (0.105)"
63,64,"food (0.179), corbyn (0.133), court (0.115), music (0.110), nhs (0.105), energy (0.104), aid (0.102), gaza (0.098), muslim (0.097), abortion (0.089)","jewish (-0.158), jews (-0.142), antisemitism (-0.134), aboriginal (-0.131), indigenous (-0.125), prince (-0.106), saudi (-0.105), republican (-0.100), disabled (-0.098), republicans (-0.097)","food (0.179), jewish (-0.158), jews (-0.142), antisemitism (-0.134), corbyn (0.133), aboriginal (-0.131), indigenous (-0.125), court (0.115), music (0.110), prince (-0.106)"
64,65,"bbc (0.169), royal (0.160), prince (0.152), ai (0.149), sanders (0.148), court (0.147), christmas (0.127), europe (0.124), brexit (0.122), queen (0.117)","uk (-0.121), french (-0.116), inquiry (-0.112), immigration (-0.105), trade (-0.097), macron (-0.092), grenfell (-0.089), church (-0.087), eu (-0.085), government (-0.085)","bbc (0.169), royal (0.160), prince (0.152), ai (0.149), sanders (0.148), court (0.147), christmas (0.127), europe (0.124), brexit (0.122), uk (-0.121)"
65,66,"ai (0.176), vaccine (0.150), sex (0.141), disabled (0.132), nhs (0.127), vaccines (0.097), mps (0.096), news (0.093), white (0.092), gay (0.089)","music (-0.170), it's (-0.140), arts (-0.127), christmas (-0.123), art (-0.112), children (-0.094), war (-0.090), patients (-0.087), royal (-0.083), film (-0.081)","ai (0.176), music (-0.170), vaccine (0.150), sex (0.141), it's (-0.140), disabled (0.132), arts (-0.127), nhs (0.127), christmas (-0.123), art (-0.112)"
66,67,"rights (0.178), war (0.156), uk (0.134), antisemitism (0.122), human (0.116), saudi (0.110), church (0.101), mps (0.098), afghanistan (0.097), jewish (0.096)","muslim (-0.158), muslims (-0.145), trans (-0.139), deal (-0.128), republican (-0.115), royal (-0.111), food (-0.105), cameron (-0.105), public (-0.102), republicans (-0.095)","rights (0.178), muslim (-0.158), war (0.156), muslims (-0.145), trans (-0.139), uk (0.134), deal (-0.128), antisemitism (0.122), human (0.116), republican (-0.115)"
67,68,"disabled (0.198), nhs (0.138), lib (0.114), men (0.110), disability (0.102), sanders (0.094), muslims (0.094), muslim (0.090), lockdown (0.088), dems (0.087)","vaccine (-0.154), jewish (-0.133), trans (-0.123), sunak (-0.116), antisemitism (-0.116), local (-0.116), election (-0.115), energy (-0.114), jews (-0.109), vaccines (-0.104)","disabled (0.198), vaccine (-0.154), nhs (0.138), jewish (-0.133), trans (-0.123), sunak (-0.116), antisemitism (-0.116), local (-0.116), election (-0.115), energy (-0.114)"
68,69,"sex (0.198), brexit (0.195), men (0.150), gay (0.149), drug (0.114), starmer (0.113), drugs (0.102), government (0.090), musk (0.079), food (0.077)","trade (-0.184), trans (-0.180), christmas (-0.140), nhs (-0.134), mps (-0.129), violence (-0.111), biden (-0.097), macron (-0.096), disabled (-0.095), french (-0.095)","sex (0.198), brexit (0.195), trade (-0.184), trans (-0.180), men (0.150), gay (0.149), christmas (-0.140), nhs (-0.134), mps (-0.129), drug (0.114)"
69,70,"jewish (0.218), antisemitism (0.189), ai (0.188), jews (0.186), young (0.178), trade (0.157), britain (0.129), climate (0.117), british (0.116), musk (0.100)","immigration (-0.172), saudi (-0.163), mps (-0.125), gaza (-0.118), energy (-0.112), prince (-0.093), eu (-0.091), work (-0.089), sex (-0.088), johnson (-0.081)","jewish (0.218), antisemitism (0.189), ai (0.188), jews (0.186), young (0.178), immigration (-0.172), saudi (-0.163), trade (0.157), britain (0.129), mps (-0.125)"
70,71,"news (0.166), trans (0.122), journalists (0.122), ai (0.122), saudi (0.119), media (0.112), people (0.104), church (0.095), it's (0.086), journalism (0.086)","facebook (-0.130), musk (-0.122), johnson (-0.120), disabled (-0.118), bbc (-0.118), corbyn (-0.116), vote (-0.111), letters (-0.095), workers (-0.095), referendum (-0.093)","news (0.166), facebook (-0.130), trans (0.122), musk (-0.122), journalists (0.122), ai (0.122), johnson (-0.120), saudi (0.119), disabled (-0.118), bbc (-0.118)"
71,72,"disabled (0.182), christmas (0.178), trans (0.160), immigration (0.157), violence (0.138), iran (0.119), starmer (0.117), prime (0.108), music (0.104), bbc (0.102)","lib (-0.141), energy (-0.122), media (-0.122), refugees (-0.117), sex (-0.112), government (-0.109), dems (-0.107), social (-0.098), football (-0.086), party (-0.086)","disabled (0.182), christmas (0.178), trans (0.160), immigration (0.157), lib (-0.141), violence (0.138), energy (-0.122), media (-0.122), iran (0.119), starmer (0.117)"
72,73,"sunak (0.217), nhs (0.153), disabled (0.139), water (0.136), inquiry (0.112), truss (0.103), starmer (0.101), grenfell (0.100), young (0.099), vaccine (0.094)","cameron (-0.179), ai (-0.136), lib (-0.129), aboriginal (-0.122), musk (-0.118), patients (-0.112), britain (-0.107), cancer (-0.106), christmas (-0.100), dems (-0.096)","sunak (0.217), cameron (-0.179), nhs (0.153), disabled (0.139), water (0.136), ai (-0.136), lib (-0.129), aboriginal (-0.122), musk (-0.118), patients (-0.112)"
73,74,"christmas (0.430), musk (0.132), north (0.118), year (0.112), korea (0.110), brexit (0.104), nuclear (0.099), media (0.088), lib (0.081), water (0.081)","facebook (-0.152), food (-0.145), iran (-0.131), prison (-0.114), bbc (-0.105), war (-0.105), local (-0.104), trade (-0.103), data (-0.102), climate (-0.075)","christmas (0.430), facebook (-0.152), food (-0.145), musk (0.132), iran (-0.131), north (0.118), prison (-0.114), year (0.112), korea (0.110), bbc (-0.105)"
74,75,"sex (0.197), nuclear (0.145), british (0.140), black (0.137), prison (0.100), britain (0.094), church (0.091), corbyn (0.090), disabled (0.089), uk (0.088)","saudi (-0.194), christmas (-0.153), inquiry (-0.136), class (-0.121), grenfell (-0.120), bbc (-0.106), trade (-0.103), social (-0.098), men (-0.095), antisemitism (-0.095)","sex (0.197), saudi (-0.194), christmas (-0.153), nuclear (0.145), british (0.140), black (0.137), inquiry (-0.136), class (-0.121), grenfell (-0.120), bbc (-0.106)"
75,76,"marriage (0.193), sunak (0.158), gay (0.156), men (0.126), eu (0.116), money (0.108), musk (0.097), leave (0.089), work (0.087), starmer (0.086)","young (-0.176), vaccine (-0.157), trans (-0.155), workers (-0.136), church (-0.120), government (-0.113), britain (-0.097), vaccines (-0.091), aboriginal (-0.087), british (-0.085)","marriage (0.193), young (-0.176), sunak (0.158), vaccine (-0.157), gay (0.156), trans (-0.155), workers (-0.136), men (0.126), church (-0.120), eu (0.116)"
76,77,"christmas (0.424), tory (0.144), mps (0.136), ai (0.122), vaccine (0.120), public (0.109), drug (0.105), sunak (0.104), drugs (0.101), local (0.081)","musk (-0.179), prime (-0.150), lib (-0.143), minister (-0.139), trans (-0.120), dems (-0.109), saudi (-0.097), work (-0.086), twitter (-0.084), uk (-0.063)","christmas (0.424), musk (-0.179), prime (-0.150), tory (0.144), lib (-0.143), minister (-0.139), mps (0.136), ai (0.122), vaccine (0.120), trans (-0.120)"
77,78,"vaccine (0.215), violence (0.173), young (0.158), vaccines (0.125), food (0.116), tory (0.102), music (0.094), immigration (0.091), jewish (0.090), eu (0.090)","sex (-0.204), christmas (-0.183), britain (-0.128), muslim (-0.118), muslims (-0.109), children (-0.108), british (-0.107), police (-0.102), disabled (-0.100), inquiry (-0.100)","vaccine (0.215), sex (-0.204), christmas (-0.183), violence (0.173), young (0.158), britain (-0.128), vaccines (0.125), muslim (-0.118), food (0.116), muslims (-0.109)"
78,79,"data (0.215), sex (0.136), lib (0.132), north (0.126), bbc (0.112), biden (0.112), korea (0.108), local (0.105), dems (0.101), government (0.100)","britain (-0.176), republican (-0.145), republicans (-0.122), marriage (-0.115), british (-0.105), public (-0.102), media (-0.100), musk (-0.099), vote (-0.097), iran (-0.097)","data (0.215), britain (-0.176), republican (-0.145), sex (0.136), lib (0.132), north (0.126), republicans (-0.122), marriage (-0.115), bbc (0.112), biden (0.112)"
79,80,"sex (0.187), corbyn (0.128), war (0.121), election (0.113), lib (0.104), asylum (0.094), afghanistan (0.089), american (0.088), deal (0.085), cameron (0.085)","rights (-0.158), young (-0.148), north (-0.128), party (-0.108), facebook (-0.105), brexit (-0.104), nuclear (-0.104), human (-0.103), korea (-0.102), inquiry (-0.094)","sex (0.187), rights (-0.158), young (-0.148), corbyn (0.128), north (-0.128), war (0.121), election (0.113), party (-0.108), facebook (-0.105), brexit (-0.104)"
80,81,"musk (0.291), immigration (0.164), sex (0.147), trans (0.130), twitter (0.127), vote (0.112), women (0.094), church (0.091), musk's (0.084), sunak (0.083)","men (-0.242), violence (-0.184), data (-0.147), gay (-0.147), abortion (-0.144), corbyn (-0.106), lib (-0.106), white (-0.096), pay (-0.087), uk (-0.086)","musk (0.291), men (-0.242), violence (-0.184), immigration (0.164), data (-0.147), gay (-0.147), sex (0.147), abortion (-0.144), trans (0.130), twitter (0.127)"
81,82,"disabled (0.192), young (0.144), saudi (0.140), tax (0.124), food (0.124), north (0.120), white (0.115), korea (0.100), christmas (0.098), disability (0.093)","poverty (-0.186), iran (-0.143), hong (-0.103), britain (-0.098), cancer (-0.091), water (-0.090), i'm (-0.089), british (-0.088), party (-0.088), living (-0.087)","disabled (0.192), poverty (-0.186), young (0.144), iran (-0.143), saudi (0.140), tax (0.124), food (0.124), north (0.120), white (0.115), hong (-0.103)"
82,83,"christmas (0.245), sex (0.178), young (0.159), musk (0.141), mental (0.113), corbyn (0.101), men (0.100), patients (0.095), eu (0.095), abortion (0.082)","drug (-0.167), drugs (-0.163), disabled (-0.139), gay (-0.126), marriage (-0.103), violence (-0.101), film (-0.099), alcohol (-0.094), nhs (-0.093), ai (-0.092)","christmas (0.245), sex (0.178), drug (-0.167), drugs (-0.163), young (0.159), musk (0.141), disabled (-0.139), gay (-0.126), mental (0.113), marriage (-0.103)"
83,84,"hong (0.167), growth (0.125), kong (0.122), vaccine (0.108), facebook (0.099), immigration (0.099), lib (0.084), grenfell (0.083), prison (0.082), city (0.082)","drug (-0.151), trade (-0.146), drugs (-0.144), corbyn (-0.136), social (-0.108), sunak (-0.103), saudi (-0.103), violence (-0.096), voters (-0.088), lockdown (-0.086)","hong (0.167), drug (-0.151), trade (-0.146), drugs (-0.144), corbyn (-0.136), growth (0.125), kong (0.122), vaccine (0.108), social (-0.108), sunak (-0.103)"
84,85,"sex (0.172), london (0.134), transport (0.121), lib (0.111), rights (0.101), inquiry (0.098), public (0.087), dems (0.084), rail (0.080), aboriginal (0.080)","local (-0.139), violence (-0.130), men (-0.111), gay (-0.110), government (-0.107), musk (-0.100), germany (-0.097), german (-0.096), water (-0.093), science (-0.093)","sex (0.172), local (-0.139), london (0.134), violence (-0.130), transport (0.121), lib (0.111), men (-0.111), gay (-0.110), government (-0.107), rights (0.101)"
85,86,"sex (0.198), nhs (0.157), drug (0.156), drugs (0.153), hong (0.138), work (0.124), facebook (0.114), law (0.110), kong (0.100), fire (0.088)","data (-0.139), taliban (-0.121), afghanistan (-0.113), film (-0.111), gay (-0.111), vote (-0.110), public (-0.095), patients (-0.094), marriage (-0.093), deal (-0.089)","sex (0.198), nhs (0.157), drug (0.156), drugs (0.153), data (-0.139), hong (0.138), work (0.124), taliban (-0.121), facebook (0.114), afghanistan (-0.113)"
86,87,"corbyn (0.208), water (0.177), lib (0.163), disabled (0.141), dems (0.125), media (0.104), britain (0.101), doctors (0.097), gay (0.095), men (0.093)","party (-0.157), war (-0.128), farage (-0.108), starmer (-0.108), vote (-0.093), care (-0.088), deal (-0.078), facebook (-0.077), work (-0.073), said (-0.070)","corbyn (0.208), water (0.177), lib (0.163), party (-0.157), disabled (0.141), war (-0.128), dems (0.125), farage (-0.108), starmer (-0.108), media (0.104)"
87,88,"ai (0.140), facebook (0.136), taliban (0.129), afghanistan (0.122), pay (0.120), mental (0.110), uk (0.099), white (0.095), deal (0.094), afghan (0.089)","data (-0.126), i'm (-0.119), christmas (-0.114), economy (-0.103), turkey (-0.101), nhs (-0.096), cameron (-0.095), letters (-0.094), refugees (-0.092), disabled (-0.092)","ai (0.140), facebook (0.136), taliban (0.129), data (-0.126), afghanistan (0.122), pay (0.120), i'm (-0.119), christmas (-0.114), mental (0.110), economy (-0.103)"
88,89,"musk (0.257), saudi (0.158), food (0.150), sunak (0.136), corbyn (0.115), vaccine (0.101), twitter (0.099), men (0.098), uk (0.088), english (0.083)","cameron (-0.153), taliban (-0.122), water (-0.121), afghanistan (-0.111), drug (-0.105), drugs (-0.102), farage (-0.097), afghan (-0.084), rights (-0.080), antisemitism (-0.079)","musk (0.257), saudi (0.158), cameron (-0.153), food (0.150), sunak (0.136), taliban (-0.122), water (-0.121), corbyn (0.115), afghanistan (-0.111), drug (-0.105)"
89,90,"musk (0.230), rights (0.208), human (0.122), white (0.110), deal (0.110), hong (0.104), marriage (0.099), twitter (0.091), racism (0.090), taliban (0.082)","water (-0.181), sex (-0.174), saudi (-0.168), farage (-0.149), men (-0.122), black (-0.119), jewish (-0.108), antisemitism (-0.101), jews (-0.099), work (-0.087)","musk (0.230), rights (0.208), water (-0.181), sex (-0.174), saudi (-0.168), farage (-0.149), human (0.122), men (-0.122), black (-0.119), white (0.110)"
90,91,"facebook (0.204), white (0.122), arts (0.119), christmas (0.115), public (0.111), ai (0.109), lib (0.107), racism (0.105), art (0.104), sex (0.093)","musk (-0.176), grenfell (-0.156), fire (-0.142), inquiry (-0.119), black (-0.111), new (-0.096), system (-0.086), tower (-0.082), britain (-0.075), farage (-0.074)","facebook (0.204), musk (-0.176), grenfell (-0.156), fire (-0.142), white (0.122), inquiry (-0.119), arts (0.119), christmas (0.115), public (0.111), black (-0.111)"
91,92,"data (0.185), trade (0.177), speech (0.112), free (0.103), deal (0.100), art (0.096), information (0.089), mental (0.084), journalists (0.078), arts (0.075)","facebook (-0.159), cancer (-0.150), uk (-0.133), eu (-0.113), books (-0.111), saudi (-0.107), book (-0.103), english (-0.101), system (-0.100), wales (-0.095)","data (0.185), trade (0.177), facebook (-0.159), cancer (-0.150), uk (-0.133), eu (-0.113), speech (0.112), books (-0.111), saudi (-0.107), book (-0.103)"
92,93,"uk (0.169), asylum (0.163), cancer (0.142), london (0.101), men (0.098), violence (0.096), fossil (0.092), rights (0.090), nhs (0.089), science (0.089)","water (-0.145), marriage (-0.136), immigration (-0.121), books (-0.104), pay (-0.100), speech (-0.094), mental (-0.091), aid (-0.089), book (-0.087), drug (-0.086)","uk (0.169), asylum (0.163), water (-0.145), cancer (0.142), marriage (-0.136), immigration (-0.121), books (-0.104), london (0.101), pay (-0.100), men (0.098)"
93,94,"music (0.212), data (0.137), water (0.121), black (0.120), trade (0.111), marriage (0.110), war (0.107), politics (0.095), cameron (0.091), sexual (0.087)","books (-0.156), men (-0.148), white (-0.142), book (-0.137), sunak (-0.136), violence (-0.117), sanders (-0.095), grenfell (-0.091), reading (-0.085), hong (-0.083)","music (0.212), books (-0.156), men (-0.148), white (-0.142), book (-0.137), data (0.137), sunak (-0.136), water (0.121), black (0.120), violence (-0.117)"
94,95,"farage (0.210), musk (0.178), public (0.148), men (0.135), european (0.092), workers (0.086), clinton (0.085), ukip (0.081), energy (0.080), twitter (0.079)","corbyn (-0.183), marriage (-0.145), sunak (-0.131), vaccine (-0.098), new (-0.093), eu (-0.090), it's (-0.088), lib (-0.085), north (-0.085), class (-0.082)","farage (0.210), corbyn (-0.183), musk (0.178), public (0.148), marriage (-0.145), men (0.135), sunak (-0.131), vaccine (-0.098), new (-0.093), european (0.092)"
95,96,"sunak (0.180), brexit (0.125), corbyn (0.121), farage (0.120), isis (0.111), trade (0.103), vote (0.102), bill (0.095), white (0.095), women (0.088)","deal (-0.155), men (-0.144), north (-0.131), korea (-0.112), science (-0.110), britain (-0.107), british (-0.107), eu (-0.105), climate (-0.097), it's (-0.096)","sunak (0.180), deal (-0.155), men (-0.144), north (-0.131), brexit (0.125), corbyn (0.121), farage (0.120), korea (-0.112), isis (0.111), science (-0.110)"
96,97,"violence (0.158), saudi (0.136), sex (0.119), it's (0.119), minister (0.117), prime (0.117), republican (0.098), uk (0.098), london (0.097), black (0.091)","white (-0.141), sexual (-0.117), sunak (-0.117), muslim (-0.116), muslims (-0.115), men (-0.105), democracy (-0.100), gay (-0.099), war (-0.098), eu (-0.092)","violence (0.158), white (-0.141), saudi (0.136), sex (0.119), it's (0.119), sexual (-0.117), minister (0.117), prime (0.117), sunak (-0.117), muslim (-0.116)"
97,98,"green (0.148), energy (0.147), public (0.140), data (0.139), drug (0.131), drugs (0.125), lib (0.121), dog (0.106), starmer (0.097), dogs (0.095)","clinton (-0.141), government (-0.127), tory (-0.113), tories (-0.104), labour (-0.088), violence (-0.087), baby (-0.083), it's (-0.083), turkey (-0.083), europe (-0.078)","green (0.148), energy (0.147), clinton (-0.141), public (0.140), data (0.139), drug (0.131), government (-0.127), drugs (0.125), lib (0.121), tory (-0.113)"
98,99,"cancer (0.274), water (0.184), marriage (0.127), aid (0.111), uk (0.107), politics (0.104), workers (0.104), nuclear (0.103), racism (0.087), political (0.086)","drug (-0.143), doctors (-0.135), drugs (-0.132), music (-0.101), animals (-0.097), policy (-0.094), dog (-0.093), rail (-0.090), dogs (-0.089), transport (-0.085)","cancer (0.274), water (0.184), drug (-0.143), doctors (-0.135), drugs (-0.132), marriage (0.127), aid (0.111), uk (0.107), politics (0.104), workers (0.104)"
99,100,"speech (0.185), water (0.158), men (0.144), cancer (0.137), music (0.123), companies (0.107), isis (0.093), free (0.088), nhs (0.087), right (0.086)","marriage (-0.139), violence (-0.133), new (-0.120), doctors (-0.117), science (-0.116), facebook (-0.105), political (-0.097), dog (-0.097), turkey (-0.092), energy (-0.087)","speech (0.185), water (0.158), men (0.144), marriage (-0.139), cancer (0.137), violence (-0.133), music (0.123), new (-0.120), doctors (-0.117), science (-0.116)"
